<?xml version="1.0" encoding="UTF-8"?>
<export version="D">
  <design>
    <source>C:\Users\Jouko\kicadprojects\STM8S_BLE_Freezer v2\STM8S_BLE_Freezerv2.sch</source>
    <date>14.10.2018 19:11:45</date>
    <tool>Eeschema (6.0.0-rc1-dev-521-gd4e435928)</tool>
    <sheet number="1" name="/" tstamps="/">
      <title_block>
        <title/>
        <company/>
        <rev/>
        <date/>
        <source>STM8S_BLE_Freezerv2.sch</source>
        <comment number="1" value=""/>
        <comment number="2" value=""/>
        <comment number="3" value=""/>
        <comment number="4" value=""/>
      </title_block>
    </sheet>
  </design>
  <components>
    <comp ref="U11">
      <value>STM8S103F3-DEVKITMINI</value>
      <footprint>STM8S_BLE_Freezer:STM8S103F3-DEVKIT-MINI</footprint>
      <libsource lib="STM8S_BLE_Freezer-rescue" part="STM8S103F3-DEVKITMINI-STM8_IoT_Board-eagle-import" description=""/>
      <sheetpath names="/" tstamps="/"/>
      <tstamp>7D0E5FE4</tstamp>
    </comp>
    <comp ref="C1">
      <value>1uF</value>
      <footprint>Capacitors_SMD:C_0603_HandSoldering</footprint>
      <libsource lib="STM8S_BLE_Freezer-rescue" part="C_Small-device" description=""/>
      <sheetpath names="/" tstamps="/"/>
      <tstamp>5AA061CF</tstamp>
    </comp>
    <comp ref="C2">
      <value>1uF</value>
      <footprint>Capacitors_SMD:C_0603_HandSoldering</footprint>
      <libsource lib="STM8S_BLE_Freezer-rescue" part="C_Small-device" description=""/>
      <sheetpath names="/" tstamps="/"/>
      <tstamp>5AA062B8</tstamp>
    </comp>
    <comp ref="U2">
      <value>STM8S103F3P</value>
      <footprint>Housings_SSOP:TSSOP-20_4.4x6.5mm_Pitch0.65mm</footprint>
      <datasheet>http://www.st.com/st-web-ui/static/active/en/resource/technical/document/datasheet/DM00024550.pdf</datasheet>
      <libsource lib="STM8S_BLE_Freezer-rescue" part="STM8S003F3P-stm8" description=""/>
      <sheetpath names="/" tstamps="/"/>
      <tstamp>5AA0630C</tstamp>
    </comp>
    <comp ref="U1">
      <value>AP1117-33</value>
      <footprint>TO_SOT_Packages_SMD:SOT-223-3_TabPin2</footprint>
      <datasheet>http://www.diodes.com/datasheets/AP1117.pdf</datasheet>
      <libsource lib="STM8S_BLE_Freezer-rescue" part="AP1117-33-regul" description=""/>
      <sheetpath names="/" tstamps="/"/>
      <tstamp>5AA063FC</tstamp>
    </comp>
    <comp ref="C3">
      <value>100nF</value>
      <footprint>Capacitors_SMD:C_0402_NoSilk</footprint>
      <libsource lib="STM8S_BLE_Freezer-rescue" part="C_Small-device" description=""/>
      <sheetpath names="/" tstamps="/"/>
      <tstamp>5AA0782B</tstamp>
    </comp>
    <comp ref="C6">
      <value>100nF</value>
      <footprint>Capacitors_SMD:C_0402</footprint>
      <libsource lib="STM8S_BLE_Freezer-rescue" part="C_Small-device" description=""/>
      <sheetpath names="/" tstamps="/"/>
      <tstamp>5AA08AAD</tstamp>
    </comp>
    <comp ref="U5">
      <value>JDY-08</value>
      <footprint>STM8_IoT_Board:JDY-08_HandSoldering</footprint>
      <datasheet>https://github.com/kichMan/JDY-08</datasheet>
      <libsource lib="STM8S_BLE_Freezer-rescue" part="JDY-08-jdy-08-STM8_IoT_Board-rescue" description=""/>
      <sheetpath names="/" tstamps="/"/>
      <tstamp>5A9F0267</tstamp>
    </comp>
    <comp ref="J2">
      <value>Conn_01x04</value>
      <footprint>Pin_Headers:Pin_Header_Straight_1x04_Pitch2.54mm</footprint>
      <datasheet>~</datasheet>
      <libsource lib="STM8S_BLE_Freezer-rescue" part="Conn_01x04-conn" description=""/>
      <sheetpath names="/" tstamps="/"/>
      <tstamp>5A9F30E4</tstamp>
    </comp>
    <comp ref="R4">
      <value>1k</value>
      <footprint>Resistors_SMD:R_0603_HandSoldering</footprint>
      <libsource lib="STM8S_BLE_Freezer-rescue" part="R_Small-device" description=""/>
      <sheetpath names="/" tstamps="/"/>
      <tstamp>5A9F7382</tstamp>
    </comp>
    <comp ref="C5">
      <value>100nF</value>
      <footprint>Capacitors_SMD:C_0402</footprint>
      <libsource lib="STM8S_BLE_Freezer-rescue" part="C_Small-device" description=""/>
      <sheetpath names="/" tstamps="/"/>
      <tstamp>5A9F73EE</tstamp>
    </comp>
    <comp ref="C4">
      <value>1uF</value>
      <footprint>Capacitors_SMD:C_0402</footprint>
      <libsource lib="STM8S_BLE_Freezer-rescue" part="C_Small-device" description=""/>
      <sheetpath names="/" tstamps="/"/>
      <tstamp>5A9FD73F</tstamp>
    </comp>
    <comp ref="J1">
      <value>USB_OTG</value>
      <footprint>Connectors_USB:USB_Micro-B_Molex_47346-0001</footprint>
      <libsource lib="STM8S_BLE_Freezer-rescue" part="USB_OTG-conn" description=""/>
      <sheetpath names="/" tstamps="/"/>
      <tstamp>5AA0D0BB</tstamp>
    </comp>
    <comp ref="J7">
      <value>NTC</value>
      <footprint>Socket_Strips:Socket_Strip_Straight_1x02_Pitch2.54mm</footprint>
      <datasheet>~</datasheet>
      <libsource lib="STM8S_BLE_Freezer-rescue" part="Conn_01x02-conn" description=""/>
      <sheetpath names="/" tstamps="/"/>
      <tstamp>5AA3122D</tstamp>
    </comp>
    <comp ref="R5">
      <value>20k</value>
      <footprint>Resistors_SMD:R_0603_HandSoldering</footprint>
      <libsource lib="STM8S_BLE_Freezer-rescue" part="R_Small-device" description=""/>
      <sheetpath names="/" tstamps="/"/>
      <tstamp>5AA34706</tstamp>
    </comp>
    <comp ref="C7">
      <value>100nF</value>
      <footprint>Capacitors_SMD:C_0402</footprint>
      <libsource lib="STM8S_BLE_Freezer-rescue" part="C_Small-device" description=""/>
      <sheetpath names="/" tstamps="/"/>
      <tstamp>5AA3479F</tstamp>
    </comp>
    <comp ref="J8">
      <value>Conn_01x02</value>
      <footprint>Socket_Strips:Socket_Strip_Straight_1x02_Pitch2.54mm</footprint>
      <datasheet>~</datasheet>
      <libsource lib="STM8S_BLE_Freezer-rescue" part="Conn_01x02-conn" description=""/>
      <sheetpath names="/" tstamps="/"/>
      <tstamp>5AA43515</tstamp>
    </comp>
    <comp ref="R7">
      <value>20k</value>
      <footprint>Resistors_SMD:R_0603_HandSoldering</footprint>
      <libsource lib="STM8S_BLE_Freezer-rescue" part="R_Small-device" description=""/>
      <sheetpath names="/" tstamps="/"/>
      <tstamp>5AA436DE</tstamp>
    </comp>
    <comp ref="R6">
      <value>100k</value>
      <footprint>Resistors_SMD:R_0603_HandSoldering</footprint>
      <libsource lib="STM8S_BLE_Freezer-rescue" part="R_Small-device" description=""/>
      <sheetpath names="/" tstamps="/"/>
      <tstamp>5AA43760</tstamp>
    </comp>
    <comp ref="C9">
      <value>100nF</value>
      <footprint>Capacitors_SMD:C_0402</footprint>
      <libsource lib="STM8S_BLE_Freezer-rescue" part="C_Small-device" description=""/>
      <sheetpath names="/" tstamps="/"/>
      <tstamp>5AA50D9B</tstamp>
    </comp>
    <comp ref="R9">
      <value>1k</value>
      <footprint>Resistors_SMD:R_0603_HandSoldering</footprint>
      <libsource lib="STM8S_BLE_Freezer-rescue" part="R_Small-device" description=""/>
      <sheetpath names="/" tstamps="/"/>
      <tstamp>5AA3EF6C</tstamp>
    </comp>
    <comp ref="R11">
      <value>1k5</value>
      <footprint>Resistors_SMD:R_0603_HandSoldering</footprint>
      <libsource lib="STM8S_BLE_Freezer-rescue" part="R_Small-device" description=""/>
      <sheetpath names="/" tstamps="/"/>
      <tstamp>5AA5C7CC</tstamp>
    </comp>
    <comp ref="R15">
      <value>10k</value>
      <footprint>Resistors_SMD:R_0603_HandSoldering</footprint>
      <libsource lib="STM8S_BLE_Freezer-rescue" part="R_Small-device" description=""/>
      <sheetpath names="/" tstamps="/"/>
      <tstamp>5AA9631B</tstamp>
    </comp>
    <comp ref="R8">
      <value>20k</value>
      <footprint>Resistors_SMD:R_0603_HandSoldering</footprint>
      <libsource lib="STM8S_BLE_Freezer-rescue" part="R_Small-device" description=""/>
      <sheetpath names="/" tstamps="/"/>
      <tstamp>5AA965B0</tstamp>
    </comp>
    <comp ref="R13">
      <value>12k</value>
      <footprint>Resistors_SMD:R_0603_HandSoldering</footprint>
      <libsource lib="STM8S_BLE_Freezer-rescue" part="R_Small-device" description=""/>
      <sheetpath names="/" tstamps="/"/>
      <tstamp>5AAB3387</tstamp>
    </comp>
    <comp ref="R10">
      <value>39k</value>
      <footprint>Resistors_SMD:R_0603_HandSoldering</footprint>
      <libsource lib="STM8S_BLE_Freezer-rescue" part="R_Small-device" description=""/>
      <sheetpath names="/" tstamps="/"/>
      <tstamp>5AAB3412</tstamp>
    </comp>
    <comp ref="R14">
      <value>20k</value>
      <footprint>Resistors_SMD:R_0603_HandSoldering</footprint>
      <libsource lib="STM8S_BLE_Freezer-rescue" part="R_Small-device" description=""/>
      <sheetpath names="/" tstamps="/"/>
      <tstamp>5AAF4500</tstamp>
    </comp>
    <comp ref="Q1">
      <value>IRML6402</value>
      <footprint>TO_SOT_Packages_SMD:SOT-23</footprint>
      <libsource lib="STM8S_BLE_Freezer-rescue" part="Q_PMOS_GSD-device" description=""/>
      <sheetpath names="/" tstamps="/"/>
      <tstamp>5AA8548C</tstamp>
    </comp>
    <comp ref="J9">
      <value>Freezer</value>
      <footprint>Pin_Headers:Pin_Header_Straight_1x02_Pitch2.54mm</footprint>
      <datasheet>~</datasheet>
      <libsource lib="STM8S_BLE_Freezer-rescue" part="Conn_01x02-conn" description=""/>
      <sheetpath names="/" tstamps="/"/>
      <tstamp>5AB65048</tstamp>
    </comp>
    <comp ref="Q5">
      <value>BC848</value>
      <footprint>TO_SOT_Packages_SMD:SOT-23</footprint>
      <datasheet>http://www.infineon.com/dgdl/Infineon-BC847SERIES_BC848SERIES_BC849SERIES_BC850SERIES-DS-v01_01-en.pdf?fileId=db3a304314dca389011541d4630a1657</datasheet>
      <libsource lib="STM8S_BLE_Freezer-rescue" part="BC848-transistors" description=""/>
      <sheetpath names="/" tstamps="/"/>
      <tstamp>5AB741B1</tstamp>
    </comp>
    <comp ref="R12">
      <value>1k</value>
      <footprint>Resistors_SMD:R_0603_HandSoldering</footprint>
      <libsource lib="STM8S_BLE_Freezer-rescue" part="R_Small-device" description=""/>
      <sheetpath names="/" tstamps="/"/>
      <tstamp>5AB7C552</tstamp>
    </comp>
    <comp ref="Q2">
      <value>BC848</value>
      <footprint>TO_SOT_Packages_SMD:SOT-23</footprint>
      <datasheet>http://www.infineon.com/dgdl/Infineon-BC847SERIES_BC848SERIES_BC849SERIES_BC850SERIES-DS-v01_01-en.pdf?fileId=db3a304314dca389011541d4630a1657</datasheet>
      <libsource lib="STM8S_BLE_Freezer-rescue" part="BC848-transistors" description=""/>
      <sheetpath names="/" tstamps="/"/>
      <tstamp>5ABDB167</tstamp>
    </comp>
    <comp ref="X1">
      <value>RJ11 remote</value>
      <footprint>STM8S_BLE_Freezer:rj114p4c</footprint>
      <libsource lib="con-4ucon" part="14867" description=""/>
      <sheetpath names="/" tstamps="/"/>
      <tstamp>5AA848C1</tstamp>
    </comp>
    <comp ref="R20">
      <value>10</value>
      <footprint>Resistors_SMD:R_0805_HandSoldering</footprint>
      <libsource lib="STM8S_BLE_Freezer-rescue" part="R_Small-device" description=""/>
      <sheetpath names="/" tstamps="/"/>
      <tstamp>5AAFFFD6</tstamp>
    </comp>
    <comp ref="J4">
      <value>LCD1</value>
      <footprint>Pin_Headers:Pin_Header_Straight_1x06_Pitch2.54mm</footprint>
      <datasheet>~</datasheet>
      <libsource lib="conn" part="Conn_01x06" description="Generic connector, single row, 01x06"/>
      <sheetpath names="/" tstamps="/"/>
      <tstamp>5AAAF137</tstamp>
    </comp>
    <comp ref="J5">
      <value>LCD2</value>
      <footprint>Pin_Headers:Pin_Header_Straight_1x06_Pitch2.54mm</footprint>
      <datasheet>~</datasheet>
      <libsource lib="conn" part="Conn_01x06" description="Generic connector, single row, 01x06"/>
      <sheetpath names="/" tstamps="/"/>
      <tstamp>5AAAF1F0</tstamp>
    </comp>
    <comp ref="SW1">
      <value>Button</value>
      <footprint>Buttons_Switches_SMD:SW_SPST_B3S-1000</footprint>
      <libsource lib="STM8S_BLE_Freezer-rescue" part="SW_Push-switches" description=""/>
      <sheetpath names="/" tstamps="/"/>
      <tstamp>5AAD6259</tstamp>
    </comp>
    <comp ref="R21">
      <value>1k</value>
      <footprint>Resistors_SMD:R_0603_HandSoldering</footprint>
      <libsource lib="STM8S_BLE_Freezer-rescue" part="R_Small-device" description=""/>
      <sheetpath names="/" tstamps="/"/>
      <tstamp>5AAD649E</tstamp>
    </comp>
    <comp ref="MK1">
      <value>Mounting_Hole</value>
      <footprint>Mounting_Holes:MountingHole_2.2mm_M2</footprint>
      <libsource lib="STM8S_BLE_Freezer-rescue" part="Mounting_Hole-mechanical" description=""/>
      <sheetpath names="/" tstamps="/"/>
      <tstamp>5AB1DC0D</tstamp>
    </comp>
    <comp ref="MK3">
      <value>Mounting_Hole</value>
      <footprint>Mounting_Holes:MountingHole_2.2mm_M2</footprint>
      <libsource lib="STM8S_BLE_Freezer-rescue" part="Mounting_Hole-mechanical" description=""/>
      <sheetpath names="/" tstamps="/"/>
      <tstamp>5AB32D1B</tstamp>
    </comp>
    <comp ref="D3">
      <value>BAV70</value>
      <footprint>TO_SOT_Packages_SMD:SOT-23</footprint>
      <datasheet>https://assets.nexperia.com/documents/data-sheet/BAV70_SER.pdf</datasheet>
      <fields>
        <field name="Description">NEXPERIA - BAV70,215 - DIODE, DUAL, 0.215A, 100V, SOT-23</field>
        <field name="Height">1.1</field>
        <field name="Manufacturer_Name">Nexperia</field>
        <field name="Manufacturer_Part_Number">BAV70,215</field>
        <field name="RS Part Number">1037556</field>
        <field name="RS Price/Stock">http://uk.rs-online.com/web/p/products/1037556</field>
      </fields>
      <libsource lib="STM8S_BLE_Freezer-rescue" part="BAV70,215-BAV70_215" description=""/>
      <sheetpath names="/" tstamps="/"/>
      <tstamp>5ACAE062</tstamp>
    </comp>
    <comp ref="D2">
      <value>BAV70</value>
      <footprint>TO_SOT_Packages_SMD:SOT-23</footprint>
      <datasheet>https://assets.nexperia.com/documents/data-sheet/BAV70_SER.pdf</datasheet>
      <fields>
        <field name="Description">NEXPERIA - BAV70,215 - DIODE, DUAL, 0.215A, 100V, SOT-23</field>
        <field name="Height">1.1</field>
        <field name="Manufacturer_Name">Nexperia</field>
        <field name="Manufacturer_Part_Number">BAV70,215</field>
        <field name="RS Part Number">1037556</field>
        <field name="RS Price/Stock">http://uk.rs-online.com/web/p/products/1037556</field>
      </fields>
      <libsource lib="STM8S_BLE_Freezer-rescue" part="BAV70,215-BAV70_215" description=""/>
      <sheetpath names="/" tstamps="/"/>
      <tstamp>5AD09515</tstamp>
    </comp>
    <comp ref="R22">
      <value>2k2</value>
      <footprint>Resistors_SMD:R_0603_HandSoldering</footprint>
      <libsource lib="STM8S_BLE_Freezer-rescue" part="R_Small-device" description=""/>
      <sheetpath names="/" tstamps="/"/>
      <tstamp>5AD09756</tstamp>
    </comp>
    <comp ref="D4">
      <value>BZX84C5V6</value>
      <footprint>Diodes_SMD:D_SOT-23_ANK</footprint>
      <datasheet>https://diotec.com/tl_files/diotec/files/pdf/datasheets/bzx84c2v4.pdf</datasheet>
      <libsource lib="diode" part="BZX84Cxx" description="300mW Zener Diode, SOT-23"/>
      <sheetpath names="/" tstamps="/"/>
      <tstamp>5AD1F8B3</tstamp>
    </comp>
    <comp ref="Q6">
      <value>BC848B</value>
      <footprint>TO_SOT_Packages_SMD:SOT-23</footprint>
      <datasheet>~</datasheet>
      <libsource lib="device" part="Q_NPN_BEC" description="Transistor NPN (general)"/>
      <sheetpath names="/" tstamps="/"/>
      <tstamp>5AD2A480</tstamp>
    </comp>
    <comp ref="MK4">
      <value>Mounting_Hole</value>
      <footprint>Mounting_Holes:MountingHole_2.2mm_M2</footprint>
      <libsource lib="STM8S_BLE_Freezer-rescue" part="Mounting_Hole-mechanical" description=""/>
      <sheetpath names="/" tstamps="/"/>
      <tstamp>5BA142CE</tstamp>
    </comp>
    <comp ref="MK2">
      <value>Mounting_Hole</value>
      <footprint>Mounting_Holes:MountingHole_2.2mm_M2</footprint>
      <libsource lib="STM8S_BLE_Freezer-rescue" part="Mounting_Hole-mechanical" description=""/>
      <sheetpath names="/" tstamps="/"/>
      <tstamp>5BA210FE</tstamp>
    </comp>
    <comp ref="R24">
      <value>1k</value>
      <footprint>Resistors_SMD:R_0603</footprint>
      <libsource lib="STM8S_BLE_Freezer-rescue" part="R_Small-device" description=""/>
      <sheetpath names="/" tstamps="/"/>
      <tstamp>5BA42043</tstamp>
    </comp>
    <comp ref="R23">
      <value>1k</value>
      <footprint>Resistors_SMD:R_0603</footprint>
      <libsource lib="STM8S_BLE_Freezer-rescue" part="R_Small-device" description=""/>
      <sheetpath names="/" tstamps="/"/>
      <tstamp>5BA4210B</tstamp>
    </comp>
    <comp ref="R25">
      <value>1</value>
      <footprint>Resistors_SMD:R_0603_HandSoldering</footprint>
      <libsource lib="STM8S_BLE_Freezer-rescue" part="R_Small-device" description=""/>
      <sheetpath names="/" tstamps="/"/>
      <tstamp>5BAF98F0</tstamp>
    </comp>
  </components>
  <libparts>
    <libpart lib="STM8S_BLE_Freezer-rescue" part="AP1117-33-regul">
      <footprints>
        <fp>SOT?223*TabPin2*</fp>
      </footprints>
      <fields>
        <field name="Reference">U</field>
        <field name="Value">AP1117-33-regul</field>
        <field name="Footprint">TO_SOT_Packages_SMD:SOT-223-3Lead_TabPin2</field>
      </fields>
      <pins>
        <pin num="1" name="GND" type="power_in"/>
        <pin num="2" name="VO" type="passive"/>
        <pin num="3" name="VI" type="power_in"/>
      </pins>
    </libpart>
    <libpart lib="STM8S_BLE_Freezer-rescue" part="BAV70,215-BAV70_215">
      <fields>
        <field name="Reference">D</field>
        <field name="Value">BAV70,215-BAV70_215</field>
        <field name="Footprint">SOT95P230X110-3N</field>
        <field name="Datasheet">https://assets.nexperia.com/documents/data-sheet/BAV70_SER.pdf</field>
        <field name="Description">NEXPERIA - BAV70,215 - DIODE, DUAL, 0.215A, 100V, SOT-23</field>
        <field name="Height">1.1</field>
        <field name="Manufacturer_Name">Nexperia</field>
        <field name="Manufacturer_Part_Number">BAV70,215</field>
        <field name="RS Part Number">1037556</field>
        <field name="RS Price/Stock">http://uk.rs-online.com/web/p/products/1037556</field>
      </fields>
      <pins>
        <pin num="1" name="~" type="BiDi"/>
        <pin num="2" name="~" type="BiDi"/>
        <pin num="3" name="~" type="BiDi"/>
      </pins>
    </libpart>
    <libpart lib="STM8S_BLE_Freezer-rescue" part="BC848-transistors">
      <footprints>
        <fp>SOT?23*</fp>
      </footprints>
      <fields>
        <field name="Reference">Q</field>
        <field name="Value">BC848-transistors</field>
        <field name="Footprint">TO_SOT_Packages_SMD:SOT-23</field>
      </fields>
      <pins>
        <pin num="1" name="B" type="input"/>
        <pin num="2" name="E" type="passive"/>
        <pin num="3" name="C" type="passive"/>
      </pins>
    </libpart>
    <libpart lib="STM8S_BLE_Freezer-rescue" part="C_Small-device">
      <footprints>
        <fp>C_*</fp>
      </footprints>
      <fields>
        <field name="Reference">C</field>
        <field name="Value">C_Small-device</field>
      </fields>
      <pins>
        <pin num="1" name="~" type="passive"/>
        <pin num="2" name="~" type="passive"/>
      </pins>
    </libpart>
    <libpart lib="STM8S_BLE_Freezer-rescue" part="Conn_01x02-conn">
      <footprints>
        <fp>Connector*:*_??x*mm*</fp>
        <fp>Connector*:*1x??x*mm*</fp>
        <fp>Pin?Header?Straight?1X*</fp>
        <fp>Pin?Header?Angled?1X*</fp>
        <fp>Socket?Strip?Straight?1X*</fp>
        <fp>Socket?Strip?Angled?1X*</fp>
      </footprints>
      <fields>
        <field name="Reference">J</field>
        <field name="Value">Conn_01x02-conn</field>
      </fields>
      <pins>
        <pin num="1" name="Pin_1" type="passive"/>
        <pin num="2" name="Pin_2" type="passive"/>
      </pins>
    </libpart>
    <libpart lib="STM8S_BLE_Freezer-rescue" part="Conn_01x04-conn">
      <footprints>
        <fp>Connector*:*_??x*mm*</fp>
        <fp>Connector*:*1x??x*mm*</fp>
        <fp>Pin?Header?Straight?1X*</fp>
        <fp>Pin?Header?Angled?1X*</fp>
        <fp>Socket?Strip?Straight?1X*</fp>
        <fp>Socket?Strip?Angled?1X*</fp>
      </footprints>
      <fields>
        <field name="Reference">J</field>
        <field name="Value">Conn_01x04-conn</field>
      </fields>
      <pins>
        <pin num="1" name="Pin_1" type="passive"/>
        <pin num="2" name="Pin_2" type="passive"/>
        <pin num="3" name="Pin_3" type="passive"/>
        <pin num="4" name="Pin_4" type="passive"/>
      </pins>
    </libpart>
    <libpart lib="STM8S_BLE_Freezer-rescue" part="JDY-08-jdy-08-STM8_IoT_Board-rescue">
      <fields>
        <field name="Reference">U</field>
        <field name="Value">JDY-08-jdy-08-STM8_IoT_Board-rescue</field>
      </fields>
      <pins>
        <pin num="1" name="VCC" type="power_in"/>
        <pin num="2" name="P22/DC" type="output"/>
        <pin num="3" name="P21/DD" type="output"/>
        <pin num="6" name="P16/LED" type="output"/>
        <pin num="7" name="P11/PWM2" type="output"/>
        <pin num="8" name="P12/IO1" type="output"/>
        <pin num="9" name="P13/IO2" type="output"/>
        <pin num="10" name="P15/IO3" type="output"/>
        <pin num="11" name="SCK" type="BiDi"/>
        <pin num="12" name="SDA" type="BiDi"/>
        <pin num="13" name="P14/IO4" type="output"/>
        <pin num="14" name="P10/PWM1" type="output"/>
        <pin num="15" name="P07/PWM3" type="output"/>
        <pin num="16" name="P06/PWM4" type="output"/>
        <pin num="17" name="P05/RTC" type="output"/>
        <pin num="18" name="P04/RTC" type="output"/>
        <pin num="19" name="P03/TXD" type="output"/>
        <pin num="20" name="P02/RXD" type="input"/>
        <pin num="21" name="P01/IO_OFF" type="input"/>
        <pin num="22" name="P00/PWRC" type="input"/>
        <pin num="23" name="~RES" type="input"/>
        <pin num="24" name="GND" type="power_in"/>
      </pins>
    </libpart>
    <libpart lib="STM8S_BLE_Freezer-rescue" part="Mounting_Hole-mechanical">
      <footprints>
        <fp>Mounting?Hole*</fp>
        <fp>Hole*</fp>
      </footprints>
      <fields>
        <field name="Reference">MK</field>
        <field name="Value">Mounting_Hole-mechanical</field>
      </fields>
    </libpart>
    <libpart lib="STM8S_BLE_Freezer-rescue" part="Q_PMOS_GSD-device">
      <fields>
        <field name="Reference">Q</field>
        <field name="Value">Q_PMOS_GSD-device</field>
      </fields>
      <pins>
        <pin num="1" name="G" type="input"/>
        <pin num="2" name="S" type="passive"/>
        <pin num="3" name="D" type="passive"/>
      </pins>
    </libpart>
    <libpart lib="STM8S_BLE_Freezer-rescue" part="R_Small-device">
      <footprints>
        <fp>R_*</fp>
      </footprints>
      <fields>
        <field name="Reference">R</field>
        <field name="Value">R_Small-device</field>
      </fields>
      <pins>
        <pin num="1" name="~" type="passive"/>
        <pin num="2" name="~" type="passive"/>
      </pins>
    </libpart>
    <libpart lib="STM8S_BLE_Freezer-rescue" part="STM8S003F3P-stm8">
      <footprints>
        <fp>TSSOP*</fp>
      </footprints>
      <fields>
        <field name="Reference">U</field>
        <field name="Value">STM8S003F3P-stm8</field>
        <field name="Footprint">Housings_SSOP:TSSOP-20_4.4x6.5mm_Pitch0.65mm</field>
      </fields>
      <pins>
        <pin num="1" name="PD4/TIM2_CH1/BEEP/UART1_CK" type="BiDi"/>
        <pin num="2" name="PD5/AIN5/UART1_TX" type="BiDi"/>
        <pin num="3" name="PD6/AIN6/UART1_RX" type="BiDi"/>
        <pin num="4" name="NRST" type="input"/>
        <pin num="5" name="OSCIN/PA1" type="BiDi"/>
        <pin num="6" name="OSCOUT/PA2" type="BiDi"/>
        <pin num="7" name="VSS" type="power_out"/>
        <pin num="8" name="Vcap" type="passive"/>
        <pin num="9" name="VDD" type="power_in"/>
        <pin num="10" name="[SPI_NSS]TIM2_CH3/PA3" type="BiDi"/>
        <pin num="11" name="[TIM1_BKIN]I2C_SDA/PB5" type="BiDi"/>
        <pin num="12" name="[ADC_ETR]I2C_SCL/PB4" type="BiDi"/>
        <pin num="13" name="[TIM1_CH1N]TIM1_CH3/PC3" type="BiDi"/>
        <pin num="14" name="[TIM1_CH2N]AIN2/TIM1_CH4/PC4" type="BiDi"/>
        <pin num="15" name="[TIM2_CH1]SPI_SCK/PC5" type="BiDi"/>
        <pin num="16" name="[TIM1_CH1]SPI_MOSI/PC6" type="BiDi"/>
        <pin num="17" name="[TIM1_CH2]SPI_MISO/PC7" type="BiDi"/>
        <pin num="18" name="PD1/SWIM" type="BiDi"/>
        <pin num="19" name="PD2/AIN3[TIM2_CH3]" type="BiDi"/>
        <pin num="20" name="PD3/AIN4/TIM2_CH2" type="BiDi"/>
      </pins>
    </libpart>
    <libpart lib="STM8S_BLE_Freezer-rescue" part="STM8S103F3-DEVKITMINI-STM8_IoT_Board-eagle-import">
      <fields>
        <field name="Value">STM8S103F3-DEVKITMINI-STM8_IoT_Board-eagle-import</field>
      </fields>
      <pins>
        <pin num="5V" name="5V" type="unspc"/>
        <pin num="3V3" name="3V3" type="unspc"/>
        <pin num="A1" name="A1" type="unspc"/>
        <pin num="A2" name="A2" type="unspc"/>
        <pin num="A3" name="A3" type="unspc"/>
        <pin num="B4" name="I²C-SCL" type="unspc"/>
        <pin num="B5" name="I²C-SDA" type="unspc"/>
        <pin num="C3" name="C3" type="unspc"/>
        <pin num="C4" name="C4" type="unspc"/>
        <pin num="C5" name="C5" type="unspc"/>
        <pin num="C6" name="C6" type="unspc"/>
        <pin num="C7" name="C7" type="unspc"/>
        <pin num="D1" name="D1" type="unspc"/>
        <pin num="D2" name="D2" type="unspc"/>
        <pin num="D3" name="D3" type="unspc"/>
        <pin num="D4" name="D4" type="unspc"/>
        <pin num="D5" name="TX" type="unspc"/>
        <pin num="D6" name="RX" type="unspc"/>
        <pin num="GND" name="GND" type="unspc"/>
        <pin num="RST" name="RST" type="unspc"/>
      </pins>
    </libpart>
    <libpart lib="STM8S_BLE_Freezer-rescue" part="SW_Push-switches">
      <fields>
        <field name="Reference">SW</field>
        <field name="Value">SW_Push-switches</field>
      </fields>
      <pins>
        <pin num="1" name="1" type="passive"/>
        <pin num="2" name="2" type="passive"/>
      </pins>
    </libpart>
    <libpart lib="STM8S_BLE_Freezer-rescue" part="USB_OTG-conn">
      <footprints>
        <fp>USB*</fp>
      </footprints>
      <fields>
        <field name="Reference">J</field>
        <field name="Value">USB_OTG-conn</field>
      </fields>
      <pins>
        <pin num="1" name="VBUS" type="power_in"/>
        <pin num="2" name="D-" type="passive"/>
        <pin num="3" name="D+" type="passive"/>
        <pin num="4" name="ID" type="passive"/>
        <pin num="5" name="GND" type="power_in"/>
        <pin num="6" name="Shield" type="passive"/>
      </pins>
    </libpart>
    <libpart lib="con-4ucon" part="14867">
      <footprints>
        <fp>*14867*</fp>
      </footprints>
      <fields>
        <field name="Reference">X</field>
        <field name="Value">14867</field>
        <field name="Footprint">14867</field>
      </fields>
      <pins>
        <pin num="1" name="1" type="passive"/>
        <pin num="2" name="2" type="passive"/>
        <pin num="3" name="3" type="passive"/>
        <pin num="4" name="4" type="passive"/>
      </pins>
    </libpart>
    <libpart lib="conn" part="Conn_01x06">
      <description>Generic connector, single row, 01x06</description>
      <docs>~</docs>
      <footprints>
        <fp>Connector*:*_??x*mm*</fp>
        <fp>Connector*:*1x??x*mm*</fp>
        <fp>Pin?Header?Straight?1X*</fp>
        <fp>Pin?Header?Angled?1X*</fp>
        <fp>Socket?Strip?Straight?1X*</fp>
        <fp>Socket?Strip?Angled?1X*</fp>
      </footprints>
      <fields>
        <field name="Reference">J</field>
        <field name="Value">Conn_01x06</field>
      </fields>
      <pins>
        <pin num="1" name="Pin_1" type="passive"/>
        <pin num="2" name="Pin_2" type="passive"/>
        <pin num="3" name="Pin_3" type="passive"/>
        <pin num="4" name="Pin_4" type="passive"/>
        <pin num="5" name="Pin_5" type="passive"/>
        <pin num="6" name="Pin_6" type="passive"/>
      </pins>
    </libpart>
    <libpart lib="device" part="Q_NPN_BEC">
      <description>Transistor NPN (general)</description>
      <docs>~</docs>
      <fields>
        <field name="Reference">Q</field>
        <field name="Value">Q_NPN_BEC</field>
      </fields>
      <pins>
        <pin num="1" name="B" type="input"/>
        <pin num="2" name="E" type="passive"/>
        <pin num="3" name="C" type="passive"/>
      </pins>
    </libpart>
    <libpart lib="diode" part="BZX84Cxx">
      <description>300mW Zener Diode, SOT-23</description>
      <docs>https://diotec.com/tl_files/diotec/files/pdf/datasheets/bzx84c2v4.pdf</docs>
      <footprints>
        <fp>*:D*SOT?23*ANK*</fp>
      </footprints>
      <fields>
        <field name="Reference">D</field>
        <field name="Value">BZX84Cxx</field>
        <field name="Footprint">Diode_SMD:D_SOT-23_ANK</field>
      </fields>
      <pins>
        <pin num="1" name="K" type="passive"/>
        <pin num="2" name="A" type="passive"/>
      </pins>
    </libpart>
  </libparts>
  <libraries>
    <library logical="STM8S_BLE_Freezer-rescue">
      <uri>C:\Users\Jouko\kicadprojects\STM8S_BLE_Freezer v2/STM8S_BLE_Freezer-rescue.lib</uri>
    </library>
    <library logical="con-4ucon">
      <uri>C:\Users\Jouko\kicadprojects\STM8S_BLE_Freezer v2/con-4ucon.lib</uri>
    </library>
    <library logical="conn">
      <uri>C:\Users\Jouko\Kicad\kicad-library-master/conn.lib</uri>
    </library>
    <library logical="device">
      <uri>C:\Users\Jouko\Kicad\kicad-library-master/device.lib</uri>
    </library>
    <library logical="diode">
      <uri>C:\Users\Jouko\Kicad\kicad-library-master/diode.lib</uri>
    </library>
  </libraries>
  <nets>
    <net code="1" name="Net-(Q2-Pad3)">
      <node ref="Q2" pin="3"/>
      <node ref="R8" pin="2"/>
    </net>
    <net code="2" name="GND">
      <node ref="U2" pin="7"/>
      <node ref="U1" pin="1"/>
      <node ref="C7" pin="2"/>
      <node ref="J1" pin="6"/>
      <node ref="J1" pin="5"/>
      <node ref="J8" pin="1"/>
      <node ref="C2" pin="2"/>
      <node ref="C3" pin="2"/>
      <node ref="C1" pin="2"/>
      <node ref="U11" pin="GND"/>
      <node ref="R7" pin="2"/>
      <node ref="R11" pin="1"/>
      <node ref="D4" pin="2"/>
      <node ref="C6" pin="2"/>
      <node ref="Q5" pin="2"/>
      <node ref="X1" pin="3"/>
      <node ref="J4" pin="1"/>
      <node ref="J4" pin="5"/>
      <node ref="C5" pin="2"/>
      <node ref="C4" pin="2"/>
      <node ref="J5" pin="1"/>
      <node ref="R13" pin="2"/>
      <node ref="J2" pin="2"/>
      <node ref="SW1" pin="2"/>
      <node ref="Q2" pin="2"/>
      <node ref="J7" pin="1"/>
      <node ref="C9" pin="2"/>
      <node ref="U5" pin="24"/>
    </net>
    <net code="3" name="Net-(Q1-Pad1)">
      <node ref="Q1" pin="1"/>
      <node ref="R14" pin="2"/>
      <node ref="R8" pin="1"/>
    </net>
    <net code="4" name="/PA2">
      <node ref="U11" pin="A2"/>
      <node ref="R15" pin="2"/>
      <node ref="U2" pin="6"/>
    </net>
    <net code="5" name="/PA1">
      <node ref="R23" pin="2"/>
      <node ref="R24" pin="1"/>
      <node ref="U11" pin="A1"/>
      <node ref="U2" pin="5"/>
    </net>
    <net code="6" name="/PB5">
      <node ref="U5" pin="22"/>
      <node ref="R21" pin="1"/>
      <node ref="U11" pin="B5"/>
      <node ref="U2" pin="11"/>
    </net>
    <net code="7" name="/PB4">
      <node ref="R13" pin="1"/>
      <node ref="R10" pin="1"/>
      <node ref="U2" pin="12"/>
      <node ref="U11" pin="B4"/>
    </net>
    <net code="8" name="/ONOFFSW">
      <node ref="R20" pin="2"/>
      <node ref="X1" pin="4"/>
    </net>
    <net code="10" name="/PD4">
      <node ref="R12" pin="1"/>
      <node ref="U2" pin="1"/>
      <node ref="U11" pin="D4"/>
    </net>
    <net code="11" name="/LED">
      <node ref="X1" pin="1"/>
      <node ref="R10" pin="2"/>
    </net>
    <net code="12" name="Net-(Q5-Pad1)">
      <node ref="Q5" pin="1"/>
      <node ref="R12" pin="2"/>
    </net>
    <net code="13" name="Net-(Q2-Pad1)">
      <node ref="R15" pin="1"/>
      <node ref="Q2" pin="1"/>
    </net>
    <net code="14" name="/PD2">
      <node ref="R7" pin="1"/>
      <node ref="U11" pin="D2"/>
      <node ref="C9" pin="1"/>
      <node ref="R6" pin="2"/>
      <node ref="U2" pin="19"/>
    </net>
    <net code="15" name="Net-(J5-Pad2)">
      <node ref="R9" pin="2"/>
      <node ref="J5" pin="2"/>
    </net>
    <net code="16" name="Net-(J4-Pad3)">
      <node ref="R11" pin="2"/>
      <node ref="J4" pin="3"/>
    </net>
    <net code="17" name="/PA3">
      <node ref="U2" pin="10"/>
      <node ref="U11" pin="A3"/>
      <node ref="J4" pin="6"/>
    </net>
    <net code="18" name="Net-(D4-Pad1)">
      <node ref="D4" pin="1"/>
      <node ref="Q6" pin="1"/>
      <node ref="R22" pin="1"/>
    </net>
    <net code="19" name="Net-(D2-Pad3)">
      <node ref="Q6" pin="3"/>
      <node ref="D2" pin="3"/>
      <node ref="R22" pin="2"/>
    </net>
    <net code="20" name="Net-(R24-Pad2)">
      <node ref="R24" pin="2"/>
      <node ref="U5" pin="6"/>
    </net>
    <net code="21" name="Net-(D2-Pad1)">
      <node ref="J8" pin="2"/>
      <node ref="D2" pin="1"/>
      <node ref="R25" pin="1"/>
      <node ref="R6" pin="1"/>
    </net>
    <net code="22" name="Net-(D2-Pad2)">
      <node ref="X1" pin="2"/>
      <node ref="R25" pin="2"/>
      <node ref="D2" pin="2"/>
      <node ref="Q1" pin="2"/>
      <node ref="R14" pin="1"/>
    </net>
    <net code="23" name="Net-(R23-Pad1)">
      <node ref="R23" pin="1"/>
      <node ref="U5" pin="21"/>
    </net>
    <net code="24" name="Net-(Q1-Pad3)">
      <node ref="R20" pin="1"/>
      <node ref="Q1" pin="3"/>
    </net>
    <net code="25" name="Net-(D3-Pad1)">
      <node ref="J9" pin="2"/>
      <node ref="Q5" pin="3"/>
      <node ref="D3" pin="1"/>
      <node ref="D3" pin="2"/>
    </net>
    <net code="26" name="+5V">
      <node ref="U11" pin="5V"/>
      <node ref="U1" pin="3"/>
      <node ref="R9" pin="1"/>
      <node ref="J9" pin="1"/>
      <node ref="Q6" pin="2"/>
      <node ref="J4" pin="2"/>
      <node ref="C1" pin="1"/>
      <node ref="D3" pin="3"/>
      <node ref="J1" pin="1"/>
    </net>
    <net code="27" name="Net-(R21-Pad2)">
      <node ref="SW1" pin="1"/>
      <node ref="R21" pin="2"/>
    </net>
    <net code="28" name="+3V3">
      <node ref="U1" pin="2"/>
      <node ref="U2" pin="9"/>
      <node ref="C2" pin="1"/>
      <node ref="R5" pin="1"/>
      <node ref="C3" pin="1"/>
      <node ref="J2" pin="4"/>
      <node ref="C6" pin="1"/>
      <node ref="U11" pin="3V3"/>
      <node ref="R4" pin="1"/>
      <node ref="U5" pin="1"/>
    </net>
    <net code="29" name="/PD3">
      <node ref="C7" pin="1"/>
      <node ref="U11" pin="D3"/>
      <node ref="R5" pin="2"/>
      <node ref="J7" pin="2"/>
      <node ref="U2" pin="20"/>
    </net>
    <net code="31" name="/PD6">
      <node ref="U11" pin="D6"/>
      <node ref="U2" pin="3"/>
      <node ref="U5" pin="19"/>
    </net>
    <net code="32" name="/PD5">
      <node ref="U2" pin="2"/>
      <node ref="U11" pin="D5"/>
      <node ref="U5" pin="20"/>
    </net>
    <net code="33" name="Net-(U5-Pad10)">
      <node ref="U5" pin="10"/>
    </net>
    <net code="34" name="Net-(U5-Pad11)">
      <node ref="U5" pin="11"/>
    </net>
    <net code="35" name="Net-(U5-Pad12)">
      <node ref="U5" pin="12"/>
    </net>
    <net code="36" name="Net-(U5-Pad13)">
      <node ref="U5" pin="13"/>
    </net>
    <net code="37" name="Net-(U5-Pad14)">
      <node ref="U5" pin="14"/>
    </net>
    <net code="38" name="Net-(U5-Pad15)">
      <node ref="U5" pin="15"/>
    </net>
    <net code="39" name="/PC3">
      <node ref="U2" pin="13"/>
      <node ref="U11" pin="C3"/>
      <node ref="J4" pin="4"/>
    </net>
    <net code="40" name="/PC4">
      <node ref="J5" pin="6"/>
      <node ref="U2" pin="14"/>
      <node ref="U11" pin="C4"/>
    </net>
    <net code="41" name="/PC5">
      <node ref="U11" pin="C5"/>
      <node ref="U2" pin="15"/>
      <node ref="J5" pin="5"/>
    </net>
    <net code="42" name="/PC7">
      <node ref="U11" pin="C7"/>
      <node ref="U2" pin="17"/>
      <node ref="J5" pin="3"/>
    </net>
    <net code="43" name="/PD1">
      <node ref="U11" pin="D1"/>
      <node ref="U2" pin="18"/>
      <node ref="J2" pin="3"/>
    </net>
    <net code="44" name="Net-(C4-Pad1)">
      <node ref="C4" pin="1"/>
      <node ref="U2" pin="8"/>
    </net>
    <net code="45" name="Net-(U5-Pad16)">
      <node ref="U5" pin="16"/>
    </net>
    <net code="46" name="/PC6">
      <node ref="J5" pin="4"/>
      <node ref="U2" pin="16"/>
      <node ref="U11" pin="C6"/>
    </net>
    <net code="47" name="Net-(J1-Pad2)">
      <node ref="J1" pin="3"/>
      <node ref="J1" pin="2"/>
    </net>
    <net code="48" name="Net-(J1-Pad4)">
      <node ref="J1" pin="4"/>
    </net>
    <net code="49" name="Net-(C5-Pad1)">
      <node ref="U11" pin="RST"/>
      <node ref="R4" pin="2"/>
      <node ref="C5" pin="1"/>
      <node ref="U2" pin="4"/>
      <node ref="J2" pin="1"/>
    </net>
    <net code="50" name="Net-(U5-Pad17)">
      <node ref="U5" pin="17"/>
    </net>
    <net code="51" name="Net-(U5-Pad18)">
      <node ref="U5" pin="18"/>
    </net>
    <net code="52" name="Net-(U5-Pad2)">
      <node ref="U5" pin="2"/>
    </net>
    <net code="53" name="Net-(U5-Pad23)">
      <node ref="U5" pin="23"/>
    </net>
    <net code="54" name="Net-(U5-Pad3)">
      <node ref="U5" pin="3"/>
    </net>
    <net code="55" name="Net-(U5-Pad7)">
      <node ref="U5" pin="7"/>
    </net>
    <net code="56" name="Net-(U5-Pad8)">
      <node ref="U5" pin="8"/>
    </net>
    <net code="57" name="Net-(U5-Pad9)">
      <node ref="U5" pin="9"/>
    </net>
  </nets>
</export>
