"Id";"Designator";"Kotelo";"Lukumäärä";"Merkintä";"Supplier and ref";
1;"J5";"Socket_Strip_Straight_1x06_Pitch2.54mm";1;"LCD2";;;
2;"J4";"Socket_Strip_Straight_1x06_Pitch2.54mm";1;"LCD1";;;
3;"R25";"R_0603_HandSoldering";1;"1";;;
4;"R24,R23";"R_0603";2;"1k";;;
5;"MK2,MK4,MK1,MK3";"MountingHole_2.2mm_M2";4;"Mounting_Hole";;;
6;"R12,R21,R9,R4";"R_0603_HandSoldering";4;"1k";;;
7;"R6";"R_0603_HandSoldering";1;"100k";;;
8;"R11";"R_0603_HandSoldering";1;"1k5";;;
9;"R22";"R_0603_HandSoldering";1;"2k2";;;
10;"R15";"R_0603_HandSoldering";1;"10k";;;
11;"R14,R5,R7,R8";"R_0603_HandSoldering";4;"20k";;;
12;"R13";"R_0603_HandSoldering";1;"12k";;;
13;"R10";"R_0603_HandSoldering";1;"39k";;;
14;"C9,C7,C6,C5";"C_0402";4;"100nF";;;
15;"X1";"rj114p4c";1;"RJ11 remote";;;
16;"D4";"D_SOT-23_ANK";1;"BZX84C5V6";;;
17;"SW1";"SW_SPST_B3S-1000";1;"Button";;;
18;"Q6";"SOT-23";1;"BC848B";;;
19;"D2,D3";"SOT-23";2;"BAV70";;;
20;"R20";"R_0805_HandSoldering";1;"10";;;
21;"J9";"Pin_Header_Straight_1x02_Pitch2.54mm";1;"Freezer";;;
22;"Q2,Q5";"SOT-23";2;"BC848";;;
23;"Q1";"SOT-23";1;"IRML6402";;;
24;"U11";"STM8S103F3-DEVKIT-MINI";1;"STM8S103F3-DEVKITMINI";;;
25;"C4";"C_0402";1;"1uF";;;
26;"J7";"Socket_Strip_Straight_1x02_Pitch2.54mm";1;"NTC";;;
27;"J8";"Socket_Strip_Straight_1x02_Pitch2.54mm";1;"Conn_01x02";;;
28;"J1";"USB_Micro-B_Molex_47346-0001";1;"USB_OTG";;;
29;"J2";"Pin_Header_Straight_1x04_Pitch2.54mm";1;"Conn_01x04";;;
30;"U5";"JDY-08_HandSoldering";1;"JDY-08";;;
31;"C2,C1";"C_0603_HandSoldering";2;"1uF";;;
32;"U2";"TSSOP-20_4.4x6.5mm_Pitch0.65mm";1;"STM8S103F3P";;;
33;"U1";"SOT-223-3_TabPin2";1;"AP1117-33";;;
34;"C3";"C_0402_NoSilk";1;"100nF";;;
